1, 2, instances/groupA/BlogCatalog-dataset.csv, 415, 202.453012, 197, 5, 10312, 341
1, 2, instances/groupA/BuzzNet-dataset.csv, 138, 129.550725, 125, 4, 101168, 115
1, 2, instances/groupA/CA-AstroPh.txt, 50, 1390.540000, 1353, 634, 18772, 29
1, 2, instances/groupA/CA-CondMat.txt, 69, 1381.130435, 1356, 779, 23133, 57
1, 2, instances/groupA/CA-GrQc.txt, 1068, 558.847378, 551, 167, 5242, 435
1, 2, instances/groupA/CA-HepPh.txt, 178, 881.393258, 864, 387, 12008, 102
1, 2, instances/groupA/CA-HepTh.txt, 383, 748.130548, 729, 229, 9877, 171
